ID,Task,Simulation,Created,Start,Delay,Duration,Cost,Aborted,Resources
aacc42ef-caa9-4eb5-8f3d-7e785e1fa55f,Task1a,Sim0,0,0,0,5,0,false,r1
99db56b1-33b2-4851-9f81-f73700924b37,Task1b,Sim0,5,5,0,5,0,false,r2
0ec1cb29-15b9-4952-849d-3cda960cd4b4,Task2a,Sim0,0,5,5,5,0,false,r1
f1607297-112d-49a3-9768-fad7f9a4c03e,Task2b,Sim0,10,10,0,5,0,false,r2
71e086f8-8d6b-4683-afe8-27150bbd2f23,Task1c,Sim0,10,10,0,5,0,false,r3
abab3b59-c35f-44cf-9fd5-65b794f4f470,Task2c,Sim0,15,15,0,5,0,false,r3
c9e66487-0e82-4f06-a252-fd81d14a0600,Task2a,Sim1,30,30,0,5,0,false,r1
934bf3ad-1aaf-4966-9cbe-e7aa123d81ef,Task2b,Sim1,35,35,0,5,0,false,r2
3446dcfd-99f9-41b5-8775-44eec2541738,Task1a,Sim1,30,35,5,5,0,false,r1
1b3d7304-1c30-4f62-a694-efac7b2577cc,Task1b,Sim1,40,40,0,5,0,false,r2
584458b7-2b6d-477c-9498-8db0a7ed54c5,Task2c,Sim1,40,40,0,5,0,false,r3
9aeb0dcd-787e-4a97-b56e-524db6ed802e,Task1c,Sim1,45,45,0,5,0,false,r3
b68f8d01-3d02-42fb-87d6-bd769fe54e33,Task2a,Sim2,60,60,0,5,0,false,r1
f690d159-e372-43f5-8712-845a4d0a8dd9,Task2b,Sim2,65,65,0,5,0,false,r2
d29df7f6-f29e-4fee-b82d-6e046e157166,Task1a,Sim2,60,65,5,5,0,false,r1
df002c45-2e74-409c-83f8-8ccf6dbb6842,Task1b,Sim2,70,70,0,5,0,false,r2
5aa60e41-4b41-4d43-abb5-18e6c0aa8144,Task2c,Sim2,70,70,0,5,0,false,r3
4f6c8a8a-6d5e-4014-9faa-e44c8bbe1954,Task1c,Sim2,75,75,0,5,0,false,r3
85c4c719-0646-4696-bb04-60c666d8df91,Task2a,Sim3,90,90,0,5,0,false,r1
f62bf779-c7eb-428c-a669-3d4bcc11e438,Task1a,Sim3,90,95,5,5,0,false,r1
98b61cb3-633e-4950-ade0-25254d9469ce,Task2b,Sim3,95,95,0,5,0,false,r2
e7731309-3591-4cea-bc9c-d2328b0211ca,Task1b,Sim3,100,100,0,5,0,false,r2
e249c766-1efd-48cb-b2f0-a0c78993a04b,Task2c,Sim3,100,100,0,5,0,false,r3
23d6be33-cddb-4cbc-b0e1-a57cb8b3aefe,Task1c,Sim3,105,105,0,5,0,false,r3
ade4fdb8-d4f5-4cdf-ad2f-74805a12235f,Task2a,Sim4,120,120,0,5,0,false,r1
eb187158-b3c3-462f-b29e-18bfc735399b,Task1a,Sim4,120,125,5,5,0,false,r1
9d3a58ad-1bac-46c0-8891-5d3b7e12762f,Task2b,Sim4,125,125,0,5,0,false,r2
15144b36-c2bd-4915-a3a0-0abca250402f,Task1b,Sim4,130,130,0,5,0,false,r2
0a5ac48b-f789-4697-b250-7acbc4ca551a,Task2c,Sim4,130,130,0,5,0,false,r3
c04b4150-760b-4ba8-b1d4-494764ee8874,Task1c,Sim4,135,135,0,5,0,false,r3
20ed36be-3b42-4125-8889-8c25132bf9c6,Task2a,Sim5,150,150,0,5,0,false,r1
35ccdb02-ca34-4b86-a4e5-57eaf0c030f1,Task1a,Sim5,150,155,5,5,0,false,r1
14376f47-6e02-4c12-94fc-14733dd1ae28,Task2b,Sim5,155,155,0,5,0,false,r2
77bd52ef-583e-4da7-8b9b-fd3c3214daa3,Task1b,Sim5,160,160,0,5,0,false,r2
655126e8-9a6b-4998-8962-dd04a3b3fa21,Task2c,Sim5,160,160,0,5,0,false,r3
b3a766ce-1655-49c1-be6d-a8c714c46c08,Task1c,Sim5,165,165,0,5,0,false,r3
27d32826-0ca9-48c7-ba30-d4077a0ee0b6,Task1a,Sim6,180,180,0,5,0,false,r1
0d91f98d-8a03-4337-93db-c3d600666c63,Task1b,Sim6,185,185,0,5,0,false,r2
555712c7-55fa-4315-b92a-8b1fac353fe0,Task2a,Sim6,180,185,5,5,0,false,r1
73c775fb-1d4f-4782-982e-142b2e36fded,Task1c,Sim6,190,190,0,5,0,false,r3
53a6adb3-f344-41dc-b3fc-d5a601223b78,Task2b,Sim6,190,190,0,5,0,false,r2
1ed645b4-9909-447d-8fb8-bf218b6b1d3d,Task2c,Sim6,195,195,0,5,0,false,r3
16513c48-8bd6-41fe-a3e7-a7203f785842,Task1a,Sim7,210,210,0,5,0,false,r1
4f3561a4-3a78-4843-a2ad-81404d0f47de,Task1b,Sim7,215,215,0,5,0,false,r2
53a8d4bd-0ebc-44f1-a9cf-af7766b54d2b,Task2a,Sim7,210,215,5,5,0,false,r1
f7c78670-4df7-4306-8c3c-aec86c50dfc5,Task1c,Sim7,220,220,0,5,0,false,r3
81c6572f-2eb8-4961-8e3f-a5e9c36385e2,Task2b,Sim7,220,220,0,5,0,false,r2
9372f001-5ee7-48f7-8009-e7c3052dcb3d,Task2c,Sim7,225,225,0,5,0,false,r3
8fa23b8c-3ecf-4109-9ab9-9c2a0ab9c373,Task1a,Sim8,240,240,0,5,0,false,r1
cf7f597b-902d-49cb-b1cf-0d01e988b063,Task2a,Sim8,240,245,5,5,0,false,r1
dad5ef9c-f40d-4e8b-8043-c5d5ab97daf2,Task1b,Sim8,245,245,0,5,0,false,r2
9b4a7040-dd40-4e11-b7a6-4bafec9ac82d,Task2b,Sim8,250,250,0,5,0,false,r2
5ef38de3-a6f4-4afd-b6df-a9ce9300e0dc,Task1c,Sim8,250,250,0,5,0,false,r3
c20a6aa3-46bd-4180-9c2d-b1d62d101303,Task2c,Sim8,255,255,0,5,0,false,r3
a2696f5a-2fae-4ac6-ad2c-47b32f8b5cfb,Task1a,Sim9,270,270,0,5,0,false,r1
4913bef7-698a-498f-b573-9df921a91421,Task1b,Sim9,275,275,0,5,0,false,r2
490d7b10-c839-4fbb-a3ee-9bd672acc167,Task2a,Sim9,270,275,5,5,0,false,r1
2252ae5b-b331-4023-9344-dfe46d879ec2,Task1c,Sim9,280,280,0,5,0,false,r3
90558714-93b7-4cb5-b93a-f9445478ff7d,Task2b,Sim9,280,280,0,5,0,false,r2
7f5c0899-6909-4bf4-960d-8687f727f4be,Task2c,Sim9,285,285,0,5,0,false,r3
8fed42ae-5bbc-403b-b788-d136cb81c9f6,Task1a,Sim10,300,300,0,5,0,false,r1
b2bcae51-5e17-4af9-bb9e-b63852bcfa31,Task2a,Sim10,300,305,5,5,0,false,r1
34d98ae8-74c7-45d7-961f-c3d1452e8150,Task1b,Sim10,305,305,0,5,0,false,r2
1aefa9ca-f078-40ca-907b-a2aae8353404,Task1c,Sim10,310,310,0,5,0,false,r3
859aa60e-971d-4e12-93d2-8bd9de88949e,Task2b,Sim10,310,310,0,5,0,false,r2
8c885c32-39b7-43a5-8999-802a303ba517,Task2c,Sim10,315,315,0,5,0,false,r3
f363e1ae-e22e-490a-afed-2c457def31e9,Task1a,Sim11,330,330,0,5,0,false,r1
344aba54-9e1a-4808-bd56-1ad10aad6996,Task2a,Sim11,330,335,5,5,0,false,r1
a74e73c6-8088-425f-b947-1187b69808ae,Task1b,Sim11,335,335,0,5,0,false,r2
b578fafd-0ec0-40ae-a0c7-9429e8e1b1ce,Task2b,Sim11,340,340,0,5,0,false,r2
a6b3a6cc-38fc-477d-97e0-d3ad084d8dc6,Task1c,Sim11,340,340,0,5,0,false,r3
929cb50c-5d53-4371-b796-c290cf0617b0,Task2c,Sim11,345,345,0,5,0,false,r3
9b58a21c-7c2a-463b-9fc2-b7d2d00bdb54,Task2a,Sim12,360,360,0,5,0,false,r1
c2feebe5-2a5d-418b-aafd-2b48510d2bfa,Task2b,Sim12,365,365,0,5,0,false,r2
7573f140-8f3e-4cf7-a1db-3973c57a860e,Task1a,Sim12,360,365,5,5,0,false,r1
e382241e-12f1-491a-a21f-a0883c7dd9d3,Task1b,Sim12,370,370,0,5,0,false,r2
29ae32d4-a8b1-41a8-9a39-fe230817c14a,Task2c,Sim12,370,370,0,5,0,false,r3
571e078c-a276-42ae-87a1-458dec744285,Task1c,Sim12,375,375,0,5,0,false,r3
25c7ecd4-e2f7-4eda-9f28-9ce0f01e15fa,Task2a,Sim13,390,390,0,5,0,false,r1
46a7dfc2-6800-43e1-8066-5d19c511baa4,Task2b,Sim13,395,395,0,5,0,false,r2
5807115b-753e-4a22-a794-267bfb2b874b,Task1a,Sim13,390,395,5,5,0,false,r1
ed7105f9-aa8b-4d77-8bf4-2dc9733623ee,Task1b,Sim13,400,400,0,5,0,false,r2
3d50662d-60e8-4def-b34b-5fe1fffcbba1,Task2c,Sim13,400,400,0,5,0,false,r3
ac7b8fac-2d96-4756-aa13-5559a8c9ab09,Task1c,Sim13,405,405,0,5,0,false,r3
8dee774f-1709-4b31-8ada-e68051322087,Task2a,Sim14,420,420,0,5,0,false,r1
d5c2fd33-676a-4999-a404-7794420c27f2,Task1a,Sim14,420,425,5,5,0,false,r1
906fb954-d0d5-4e76-afbe-605658b5405f,Task2b,Sim14,425,425,0,5,0,false,r2
72ec325e-ea15-4afd-b021-f1606d7eeec0,Task2c,Sim14,430,430,0,5,0,false,r3
d9dded3e-a766-4a59-a61c-888296c3beed,Task1b,Sim14,430,430,0,5,0,false,r2
b9c04266-8f15-41cf-8e03-4911cc796004,Task1c,Sim14,435,435,0,5,0,false,r3
dc71f551-1c8b-4dc1-99f3-02d0524a0d05,Task2a,Sim15,450,450,0,5,0,false,r1
29cece5f-3426-4ead-af6e-64bbfd5238ab,Task2b,Sim15,455,455,0,5,0,false,r2
fb37f23d-675a-4312-9adc-330d0bb4e2e5,Task1a,Sim15,450,455,5,5,0,false,r1
5c6c9075-b656-4bf4-bd0a-88c27d821516,Task1b,Sim15,460,460,0,5,0,false,r2
1cd168cb-0395-4195-88a0-d65681cac491,Task2c,Sim15,460,460,0,5,0,false,r3
6b9e4eb6-c517-4488-9ffe-172182b64a10,Task1c,Sim15,465,465,0,5,0,false,r3
edfff32b-cd3e-4358-96a0-2fb1f3098900,Task1a,Sim16,480,480,0,5,0,false,r1
29c2d060-5aa0-4489-804e-e3e04f6cdd9f,Task1b,Sim16,485,485,0,5,0,false,r2
337f9163-4923-4648-b33f-199fd2505f39,Task2a,Sim16,480,485,5,5,0,false,r1
77b33a4f-6a1e-4abf-a42d-bdb77d655016,Task1c,Sim16,490,490,0,5,0,false,r3
cda7285b-39c2-4467-970a-74978ad43994,Task2b,Sim16,490,490,0,5,0,false,r2
7060f73f-c4a9-428e-b872-40bfb6512d1f,Task2c,Sim16,495,495,0,5,0,false,r3
e3cf2303-2c1d-4eec-a07a-4160068b6a2a,Task2a,Sim17,510,510,0,5,0,false,r1
75896ebf-75d1-4bfe-93dc-c7ecebf89d7a,Task2b,Sim17,515,515,0,5,0,false,r2
7c70ecb6-8fe7-423d-993e-01c9d745698b,Task1a,Sim17,510,515,5,5,0,false,r1
fc1d25c5-487d-425f-9253-f7228d6b5cd9,Task2c,Sim17,520,520,0,5,0,false,r3
07da7e2c-6578-46c2-b139-3b341005bf71,Task1b,Sim17,520,520,0,5,0,false,r2
c85f38ed-8413-4697-8ce8-0ab5fd5897bc,Task1c,Sim17,525,525,0,5,0,false,r3
d7d1d433-a9a0-468e-a890-d09615960562,Task2a,Sim18,540,540,0,5,0,false,r1
61f1e741-1439-45ed-927b-a5a9e74d9ae8,Task1a,Sim18,540,545,5,5,0,false,r1
0ad64093-a62c-4e1e-abbc-1a46925a5f31,Task2b,Sim18,545,545,0,5,0,false,r2
3970711e-9f40-446c-9784-306b625d85ca,Task2c,Sim18,550,550,0,5,0,false,r3
fd03315f-d8cc-4e34-95c5-b2e108aeb77e,Task1b,Sim18,550,550,0,5,0,false,r2
ab51e083-5f8a-4949-a8d6-9353cc3fec14,Task1c,Sim18,555,555,0,5,0,false,r3
050b8de2-a4f0-4fcf-b3fb-4fe550605ad2,Task2a,Sim19,570,570,0,5,0,false,r1
fe8ed147-00db-4212-98b4-0091220c9628,Task2b,Sim19,575,575,0,5,0,false,r2
43aca46f-f9bf-4caa-aa18-52e1ec96de80,Task1a,Sim19,570,575,5,5,0,false,r1
1b12993d-59d8-4f9c-815e-69b3d7d96295,Task1b,Sim19,580,580,0,5,0,false,r2
f960c0ff-c4f6-4768-8b06-c1f4607e0dac,Task2c,Sim19,580,580,0,5,0,false,r3
5cd566d9-da19-43be-8fe9-64ba3c65c872,Task1c,Sim19,585,585,0,5,0,false,r3
c7415789-1a6d-40c9-8f92-7d319c0c843b,Task1a,Sim20,600,600,0,5,0,false,r1
0dc6ac83-31a7-43aa-97b6-8e5c21e1c826,Task2a,Sim20,600,605,5,5,0,false,r1
92efa988-51d8-4276-b029-56d0ec9be963,Task1b,Sim20,605,605,0,5,0,false,r2
6e66f319-e69d-45f2-be8f-4c37fde2a033,Task2b,Sim20,610,610,0,5,0,false,r2
ffe563b8-ffb3-4d81-b8ed-d41e1d24c968,Task1c,Sim20,610,610,0,5,0,false,r3
1d568289-ee83-4a88-8f3e-e1a26abbbb58,Task2c,Sim20,615,615,0,5,0,false,r3
bde1a5c5-a919-4811-a57d-d7db44544d6c,Task2a,Sim21,630,630,0,5,0,false,r1
629f3c9b-4697-411e-87bb-26061387cc3d,Task1a,Sim21,630,635,5,5,0,false,r1
5c134cc0-5fe2-439e-9844-392c707f4ae8,Task2b,Sim21,635,635,0,5,0,false,r2
de4b93f4-8f7e-4b6e-9e2a-207be9b8c8e8,Task1b,Sim21,640,640,0,5,0,false,r2
9d8a9622-3c88-4734-9876-2d250629cae7,Task2c,Sim21,640,640,0,5,0,false,r3
4d27e9a5-77c7-4eb9-97b5-99d9491c51ed,Task1c,Sim21,645,645,0,5,0,false,r3
d34293e2-1726-42f1-9ca5-3bf2d0dfd927,Task2a,Sim22,660,660,0,5,0,false,r1
7a80a858-900a-4be4-adaf-f359f3557040,Task1a,Sim22,660,665,5,5,0,false,r1
5705d47d-1138-4f85-b9b1-662b973bdea3,Task2b,Sim22,665,665,0,5,0,false,r2
382bfe26-eb0e-4e8b-9a1a-896e31bd2052,Task1b,Sim22,670,670,0,5,0,false,r2
8f5c4bd6-eb9d-49f7-8e7d-bbedce5bcdc8,Task2c,Sim22,670,670,0,5,0,false,r3
fd06893d-fd06-4f5a-b281-5ef386ca0fdc,Task1c,Sim22,675,675,0,5,0,false,r3
87e2ca15-1160-4743-ba05-1ab7f0768d6d,Task1a,Sim23,690,690,0,5,0,false,r1
b25064d7-6fc1-4647-8b1a-8ce38f95b4c4,Task2a,Sim23,690,695,5,5,0,false,r1
ac6ba811-809e-4715-8ae0-ababd2d2ef32,Task1b,Sim23,695,695,0,5,0,false,r2
f6cd9a7a-216d-48b3-91cc-a22e15441acc,Task2b,Sim23,700,700,0,5,0,false,r2
e711e875-4a9e-4eb4-b3db-723353f7d856,Task1c,Sim23,700,700,0,5,0,false,r3
505ada91-ae2e-42b1-9ae3-ac7b1bdb54fa,Task2c,Sim23,705,705,0,5,0,false,r3
d9d083db-ec21-48ae-8faf-e4e126067d27,Task1a,Sim24,720,720,0,5,0,false,r1
5eaadc92-1bfd-4072-85de-d0379c061765,Task1b,Sim24,725,725,0,5,0,false,r2
da5364bd-e62d-4625-969b-a35e78c89b57,Task2a,Sim24,720,725,5,5,0,false,r1
9d5765f0-9dd2-4f0d-a7c0-229dc201b27e,Task2b,Sim24,730,730,0,5,0,false,r2
34202867-2c09-41c0-b5d2-700b9f754a1e,Task1c,Sim24,730,730,0,5,0,false,r3
9b61debb-0e1f-48f8-917d-f7ecfc7b9978,Task2c,Sim24,735,735,0,5,0,false,r3
a3233f1d-37dc-435c-b441-f855f8817eb1,Task1a,Sim25,750,750,0,5,0,false,r1
41981f87-fce2-4bf5-99bd-2a857967c309,Task1b,Sim25,755,755,0,5,0,false,r2
e2adba04-cbdd-4482-baac-7e126d82184c,Task2a,Sim25,750,755,5,5,0,false,r1
62a3ba19-22e7-41a8-a54d-048f1a3ffb38,Task2b,Sim25,760,760,0,5,0,false,r2
9f46fc8c-fde8-423a-a79e-e2a89c5984dd,Task1c,Sim25,760,760,0,5,0,false,r3
3202fe24-5d4a-4bee-ae37-ddce46212bde,Task2c,Sim25,765,765,0,5,0,false,r3
989dfd60-4768-437a-96ee-ea6ee75639a1,Task1a,Sim26,780,780,0,5,0,false,r1
0af66316-1391-40c0-b653-b39ca08e4079,Task1b,Sim26,785,785,0,5,0,false,r2
11a00aa8-d7bc-4c9a-a4cd-82a06aff6ba5,Task2a,Sim26,780,785,5,5,0,false,r1
0059251d-a4da-4806-89ce-af8998f6c86a,Task2b,Sim26,790,790,0,5,0,false,r2
26a005c0-c998-4e45-89f6-dcb59e61e72a,Task1c,Sim26,790,790,0,5,0,false,r3
b0b5f404-7394-4043-9e3f-7250071a0cf3,Task2c,Sim26,795,795,0,5,0,false,r3
cd583426-f506-4115-b059-a7b805ba3d31,Task1a,Sim27,810,810,0,5,0,false,r1
08d2e4c7-323b-464c-816a-ced664d58e48,Task2a,Sim27,810,815,5,5,0,false,r1
52ae7739-b5f5-4ca9-b6ee-04e89c058041,Task1b,Sim27,815,815,0,5,0,false,r2
9dfe2169-9be8-499e-9f2c-4afcedc003e7,Task1c,Sim27,820,820,0,5,0,false,r3
fd8722a0-5965-4831-a3f3-ad04fb45e708,Task2b,Sim27,820,820,0,5,0,false,r2
eeade981-1394-45ee-ba22-10d9b10f5b48,Task2c,Sim27,825,825,0,5,0,false,r3
edf755d2-fee0-410c-85e2-4bfd861bcc1a,Task1a,Sim28,840,840,0,5,0,false,r1
f33fb248-6b4c-49f9-ba26-85180defd4a5,Task2a,Sim28,840,845,5,5,0,false,r1
c724efe4-a777-4337-83b5-1dd2cd5d7a29,Task1b,Sim28,845,845,0,5,0,false,r2
47bde3a0-ff72-4c85-b32b-1b037f4ee7a4,Task1c,Sim28,850,850,0,5,0,false,r3
9a1ae839-e649-455d-96cf-5173ccbfe8bf,Task2b,Sim28,850,850,0,5,0,false,r2
e93c5520-303c-4cce-a2b2-e8950a31c140,Task2c,Sim28,855,855,0,5,0,false,r3
f340aec4-5e39-4a9b-9528-0db1bfb96e9c,Task2a,Sim29,870,870,0,5,0,false,r1
1e8d9a43-158a-49d2-a254-7eb1647e0ebc,Task2b,Sim29,875,875,0,5,0,false,r2
ffeed055-1ba8-4863-bcf0-0994aad6092b,Task1a,Sim29,870,875,5,5,0,false,r1
d283dd94-6ae9-4265-97fc-13d06f3b5afa,Task1b,Sim29,880,880,0,5,0,false,r2
e2736fee-52fe-4880-9f50-c4bebac0254f,Task2c,Sim29,880,880,0,5,0,false,r3
3b9144b0-7af4-478a-aba2-939469613d1d,Task1c,Sim29,885,885,0,5,0,false,r3
c9ee1399-935f-47a1-a9ac-3b0cd4f10617,Task2a,Sim30,900,900,0,5,0,false,r1
3750991a-c7f4-4b4f-a7d5-5cb01412c12e,Task1a,Sim30,900,905,5,5,0,false,r1
83f7e21f-a450-41a1-8686-ec8825dafba2,Task2b,Sim30,905,905,0,5,0,false,r2
144dd6bb-d4f1-4b56-ba37-eb20d013d14c,Task2c,Sim30,910,910,0,5,0,false,r3
477e1cec-9f01-42e1-8452-a5c78a5531c6,Task1b,Sim30,910,910,0,5,0,false,r2
0b1ecb23-ae30-4a17-a62a-cceca15a4ee7,Task1c,Sim30,915,915,0,5,0,false,r3
ac223e07-c77f-49db-b6b3-8b28432bb4c8,Task2a,Sim31,930,930,0,5,0,false,r1
ced82b2e-225a-469f-bd18-acf0085e8ed7,Task2b,Sim31,935,935,0,5,0,false,r2
2cc8567b-f16e-47a8-9eb5-1b71b53e8261,Task1a,Sim31,930,935,5,5,0,false,r1
b042affb-2aa0-498f-8f91-13a20a9c05b4,Task2c,Sim31,940,940,0,5,0,false,r3
aea50e66-6e89-4094-ba7c-14b4fd837ff3,Task1b,Sim31,940,940,0,5,0,false,r2
a26f4334-b116-4d18-9981-8fc63d9d08f9,Task1c,Sim31,945,945,0,5,0,false,r3
aaa983c3-4b23-4fb5-8d50-af573ab192ec,Task1a,Sim32,960,960,0,5,0,false,r1
e16dbad5-d993-4649-baad-1d620b1a5db5,Task2a,Sim32,960,965,5,5,0,false,r1
a49443c4-b481-4a7a-ad24-ebfba6ac780d,Task1b,Sim32,965,965,0,5,0,false,r2
924aa88f-644a-4aef-8917-7cd88c371836,Task1c,Sim32,970,970,0,5,0,false,r3
db994615-21f8-489b-99b2-02a51c891377,Task2b,Sim32,970,970,0,5,0,false,r2
fe6cfd9b-bc8a-44fc-9f50-b85265be986e,Task2c,Sim32,975,975,0,5,0,false,r3
88cc181e-e091-4f5b-bb13-a4076c1572bd,Task2a,Sim33,990,990,0,5,0,false,r1
7cc65db2-21b3-474d-8072-d8b09823b7ad,Task1a,Sim33,990,995,5,5,0,false,r1
cd6078f0-7ec5-4e33-b559-aa6b62ce1ef3,Task2b,Sim33,995,995,0,5,0,false,r2
b15a7b04-0c02-4776-95f3-2b83959c27b9,Task2c,Sim33,1000,1000,0,5,0,false,r3
37118ddf-1742-4cc6-bb47-d2c28d99babc,Task1b,Sim33,1000,1000,0,5,0,false,r2
38bcf908-bb77-4932-b87c-be67e2d7ba3b,Task1c,Sim33,1005,1005,0,5,0,false,r3
d77a95cd-cd1c-45f8-b3ef-411e912e4f31,Task1a,Sim34,1020,1020,0,5,0,false,r1
6dd6597b-c5bf-426d-a4b3-ae14aa307d59,Task1b,Sim34,1025,1025,0,5,0,false,r2
646caf46-570c-4096-9839-0f768cc4e96e,Task2a,Sim34,1020,1025,5,5,0,false,r1
faf91bf0-581a-47a3-a9b1-85612315ec24,Task2b,Sim34,1030,1030,0,5,0,false,r2
0710240e-6867-49e8-b1d1-a3e7c7e66ba8,Task1c,Sim34,1030,1030,0,5,0,false,r3
8b4fb0c9-908d-407f-be59-ad112192d7ee,Task2c,Sim34,1035,1035,0,5,0,false,r3
a157d083-c44c-4235-af3f-21343a0204c3,Task2a,Sim35,1050,1050,0,5,0,false,r1
219f2192-977c-4bfe-b1d9-b44ef2bbc123,Task2b,Sim35,1055,1055,0,5,0,false,r2
0e4bea3a-3216-4785-b3a1-02609ca0db51,Task1a,Sim35,1050,1055,5,5,0,false,r1
d812b379-1252-4a34-bb88-1149266f12af,Task1b,Sim35,1060,1060,0,5,0,false,r2
ab58cd3c-a255-42b6-a58e-799d742c2a97,Task2c,Sim35,1060,1060,0,5,0,false,r3
73cb729d-ff27-4c4d-abff-8ea493199b02,Task1c,Sim35,1065,1065,0,5,0,false,r3
9d6fda53-648a-4b7e-bd7c-15ca35eb1b70,Task1a,Sim36,1080,1080,0,5,0,false,r1
54889a9f-12a6-452d-a172-38c87ad5c2c5,Task2a,Sim36,1080,1085,5,5,0,false,r1
2f927381-d37c-4d2c-9b29-fe52287c455e,Task1b,Sim36,1085,1085,0,5,0,false,r2
bffc7b6a-4504-47e9-b898-24d982642dbb,Task1c,Sim36,1090,1090,0,5,0,false,r3
55f6bd6f-d195-41b6-a05c-5cdc76c75d97,Task2b,Sim36,1090,1090,0,5,0,false,r2
24356d3d-e552-49b2-a51b-1bcf0c774394,Task2c,Sim36,1095,1095,0,5,0,false,r3
b13674e4-e603-478f-bc71-fc2ec0d1339d,Task2a,Sim37,1110,1110,0,5,0,false,r1
d665b920-2dc0-4578-bcff-fcaba94285c3,Task1a,Sim37,1110,1115,5,5,0,false,r1
1b560e77-ddcf-409e-98e6-397311f81652,Task2b,Sim37,1115,1115,0,5,0,false,r2
ada1de81-9860-4d92-988b-461df3059db6,Task1b,Sim37,1120,1120,0,5,0,false,r2
a58b6aaa-b323-4fd4-a716-78f7f5b77417,Task2c,Sim37,1120,1120,0,5,0,false,r3
e9afab83-5f88-47c6-9170-1dfc1101ad99,Task1c,Sim37,1125,1125,0,5,0,false,r3
fc5d42b9-cfe2-45a1-a7b1-4cda8fb9cf3d,Task1a,Sim38,1140,1140,0,5,0,false,r1
f86e83c8-084f-465e-8e48-7188f75e6fb4,Task1b,Sim38,1145,1145,0,5,0,false,r2
16e35e88-e51c-410b-a864-f79940942ce8,Task2a,Sim38,1140,1145,5,5,0,false,r1
7e6226ad-3132-4baa-9f5e-9ababfead37e,Task2b,Sim38,1150,1150,0,5,0,false,r2
b278ed1b-1a86-42ea-b19f-68dd9d2036bb,Task1c,Sim38,1150,1150,0,5,0,false,r3
77470092-5064-48a6-b720-2e5a1ad35b88,Task2c,Sim38,1155,1155,0,5,0,false,r3
928c36d9-7bd4-4947-bc5c-be89ca931943,Task1a,Sim39,1170,1170,0,5,0,false,r1
f69e8ddc-7d88-4be1-b878-789c5cc807de,Task2a,Sim39,1170,1175,5,5,0,false,r1
cbf9b0ad-bcc8-4a98-9dd5-5549c31bb0dd,Task1b,Sim39,1175,1175,0,5,0,false,r2
4dfaaf5a-2cf9-4734-979c-f1852cf8862f,Task1c,Sim39,1180,1180,0,5,0,false,r3
c96f739b-9536-4130-adb0-c44c310b367d,Task2b,Sim39,1180,1180,0,5,0,false,r2
99d934e4-571e-4620-8a97-8831c5158c7d,Task2c,Sim39,1185,1185,0,5,0,false,r3
a59a41d6-285d-4316-9aa6-a225862f158e,Task1a,Sim40,1200,1200,0,5,0,false,r1
7e6f0ec7-13c0-4382-8301-f15e01e7f8c5,Task1b,Sim40,1205,1205,0,5,0,false,r2
da8543ba-e9a4-4d3a-8beb-097126649110,Task2a,Sim40,1200,1205,5,5,0,false,r1
de2202c3-fae6-444b-8abf-6dc0cbad54b2,Task2b,Sim40,1210,1210,0,5,0,false,r2
a82ba53d-49d6-4369-a77f-1da29f6e948c,Task1c,Sim40,1210,1210,0,5,0,false,r3
078bb9ae-3db1-477b-b681-f19bfe320fa3,Task2c,Sim40,1215,1215,0,5,0,false,r3
a8d6883d-8332-41f7-8697-1dd9e0c1698a,Task1a,Sim41,1230,1230,0,5,0,false,r1
4a062bc2-b773-4af5-9183-7566715d622d,Task2a,Sim41,1230,1235,5,5,0,false,r1
e7feb7b3-ace8-4e02-bbb4-3a90d726a26d,Task1b,Sim41,1235,1235,0,5,0,false,r2
d4f4d168-a8f0-4e45-ba7f-22801a35a3da,Task2b,Sim41,1240,1240,0,5,0,false,r2
460fe4f9-628e-41ad-8463-0b321cbd1a53,Task1c,Sim41,1240,1240,0,5,0,false,r3
042f7d0e-c840-4371-b29b-ead50407d7d8,Task2c,Sim41,1245,1245,0,5,0,false,r3
8bec1a73-8fb3-4a8c-9e72-9aa91ad78600,Task2a,Sim42,1260,1260,0,5,0,false,r1
33ae4a8f-d68c-462f-809a-c8e1d5a3678a,Task2b,Sim42,1265,1265,0,5,0,false,r2
e1230473-fee6-4834-9912-d3ca8694133d,Task1a,Sim42,1260,1265,5,5,0,false,r1
e580430b-4ba3-4e39-8df7-422188a2476d,Task1b,Sim42,1270,1270,0,5,0,false,r2
eeb17c25-3b5e-4f9e-ad6d-f7021cf84320,Task2c,Sim42,1270,1270,0,5,0,false,r3
07d59fe9-2c4a-44c4-8fba-b56a7a266dab,Task1c,Sim42,1275,1275,0,5,0,false,r3
bd570d9e-7102-400e-8392-1d793a7c2ae2,Task1a,Sim43,1290,1290,0,5,0,false,r1
766b33b3-3d4d-4f74-ba22-4c9145643a61,Task2a,Sim43,1290,1295,5,5,0,false,r1
7cb8072b-bcac-4797-ad56-dfd03b7ee26f,Task1b,Sim43,1295,1295,0,5,0,false,r2
c53cb157-a690-4ee0-a292-ced3670a83c3,Task1c,Sim43,1300,1300,0,5,0,false,r3
a74146ef-6acc-4002-9986-880a6c6225bf,Task2b,Sim43,1300,1300,0,5,0,false,r2
a708838b-f5d3-4d0d-8796-3fe7e31ce63c,Task2c,Sim43,1305,1305,0,5,0,false,r3
e503afd2-1d1f-464e-9c56-9d5410bdcd58,Task2a,Sim44,1320,1320,0,5,0,false,r1
3d85c0e7-c3a1-4c70-a4cc-b7c858ae91c2,Task1a,Sim44,1320,1325,5,5,0,false,r1
f9c3075f-19a1-4bb1-831f-93ece3749a36,Task2b,Sim44,1325,1325,0,5,0,false,r2
3bdca1aa-2e56-4c1d-8811-946651e81e43,Task1b,Sim44,1330,1330,0,5,0,false,r2
7956bfef-8d00-42b3-8f5b-69941638c9db,Task2c,Sim44,1330,1330,0,5,0,false,r3
68080342-c0d2-46c9-a358-3d40a7b450ae,Task1c,Sim44,1335,1335,0,5,0,false,r3
9a64a8aa-b4f8-4a05-80be-339ee401a537,Task1a,Sim45,1350,1350,0,5,0,false,r1
dd4aabec-1242-4f31-b02f-95f1f2a03088,Task2a,Sim45,1350,1355,5,5,0,false,r1
9398067a-28b7-4ec0-8a78-090261e09742,Task1b,Sim45,1355,1355,0,5,0,false,r2
883aa513-77c7-43a5-9026-3b04e26f4e61,Task1c,Sim45,1360,1360,0,5,0,false,r3
437c6f01-ccbf-43db-a641-5ed3456fce3d,Task2b,Sim45,1360,1360,0,5,0,false,r2
37b5a2c7-39df-4bbc-91e6-6b82f2229fac,Task2c,Sim45,1365,1365,0,5,0,false,r3
c9d75a5b-0a19-443e-b566-0124376d77a8,Task2a,Sim46,1380,1380,0,5,0,false,r1
2733efae-6f15-4d7f-a5f8-91aaa10ab6db,Task2b,Sim46,1385,1385,0,5,0,false,r2
636f6530-ef90-468b-ae25-0ef0969a4946,Task1a,Sim46,1380,1385,5,5,0,false,r1
0784af58-393a-47ef-b16d-4ec64d6fbb51,Task2c,Sim46,1390,1390,0,5,0,false,r3
6f341360-d2b1-42c2-a8f3-3bba170ad8fb,Task1b,Sim46,1390,1390,0,5,0,false,r2
adadbbfc-87ff-4fa2-a256-d5951fdf2b8a,Task1c,Sim46,1395,1395,0,5,0,false,r3
c970a403-c65c-44af-bfec-c703e9b5c114,Task2a,Sim47,1410,1410,0,5,0,false,r1
93a6bf9e-c664-4cf0-a302-bf72efb6aa5d,Task2b,Sim47,1415,1415,0,5,0,false,r2
243a7fdd-8f72-4bf6-b2f8-370cb94f77f0,Task1a,Sim47,1410,1415,5,5,0,false,r1
14f338dd-b7a8-4661-99f8-f900f1f20c51,Task2c,Sim47,1420,1420,0,5,0,false,r3
c0d17bc2-1680-42b6-aa56-757699dbe02b,Task1b,Sim47,1420,1420,0,5,0,false,r2
0bb23088-8546-47e8-96c5-1e13b5793467,Task1c,Sim47,1425,1425,0,5,0,false,r3
98ecd94b-aed0-40cd-aa76-c52276ab860d,Task2a,Sim48,1440,1440,0,5,0,false,r1
e56589a8-a674-4c9d-9fb7-3bf6b7f51a84,Task1a,Sim48,1440,1445,5,5,0,false,r1
e473bc4c-14aa-438b-aee7-88f7c15dbdd6,Task2b,Sim48,1445,1445,0,5,0,false,r2
94baf579-229a-4778-8871-481cf420e01d,Task1b,Sim48,1450,1450,0,5,0,false,r2
9123a4a5-05fd-4f33-81c4-db801950d7ff,Task2c,Sim48,1450,1450,0,5,0,false,r3
46a4e97c-baea-4bd8-ae88-77b684c90a53,Task1c,Sim48,1455,1455,0,5,0,false,r3
c1a64649-e2e4-4c10-aeac-2da92a83c8eb,Task2a,Sim49,1470,1470,0,5,0,false,r1
e2d47af8-5c6d-4e75-8b09-5991df4258b4,Task1a,Sim49,1470,1475,5,5,0,false,r1
7a5143aa-e7d6-4288-b187-8e07d31656d6,Task2b,Sim49,1475,1475,0,5,0,false,r2
4baf79b0-648f-438c-a6fa-693d253235f9,Task1b,Sim49,1480,1480,0,5,0,false,r2
fcbf7f79-5740-40bb-9902-68138e06a13f,Task2c,Sim49,1480,1480,0,5,0,false,r3
983ee7fb-f375-4f4c-883f-e2bca7069ce8,Task1c,Sim49,1485,1485,0,5,0,false,r3
0a7a029e-343d-4fd9-ac9b-5170f06fe755,Task1a,Sim50,1500,1500,0,5,0,false,r1
bddfec3c-e467-49ec-8eb1-9b29da49a85e,Task1b,Sim50,1505,1505,0,5,0,false,r2
4b26ad9f-d067-4a43-8652-9b18858ed7cf,Task2a,Sim50,1500,1505,5,5,0,false,r1
5d5ecf61-4489-4fa5-86a3-45a3e355a255,Task2b,Sim50,1510,1510,0,5,0,false,r2
f7009f7d-11b9-468b-ac06-717e3ed3b808,Task1c,Sim50,1510,1510,0,5,0,false,r3
75f60467-2f9a-4ddf-b963-9d2c7c2f456f,Task2c,Sim50,1515,1515,0,5,0,false,r3
97e828ef-e326-4c8b-a801-8bd1920cf62a,Task2a,Sim51,1530,1530,0,5,0,false,r1
caf3b088-a079-4053-89b1-56ab71f12558,Task2b,Sim51,1535,1535,0,5,0,false,r2
9f4664fd-0a39-4629-8c97-59f9d2fe93dd,Task1a,Sim51,1530,1535,5,5,0,false,r1
99dff149-8d97-4809-a483-752ba1a66a68,Task1b,Sim51,1540,1540,0,5,0,false,r2
503db6e1-6039-4d69-978f-5eae1c6eba51,Task2c,Sim51,1540,1540,0,5,0,false,r3
3de0b1a0-b870-4410-9951-bc4f6a139c51,Task1c,Sim51,1545,1545,0,5,0,false,r3
8016b6ae-a0d9-4bd7-b452-1e2b9a534b72,Task2a,Sim52,1560,1560,0,5,0,false,r1
9ed41b2f-a7e2-4c18-9d46-38d559ebad08,Task1a,Sim52,1560,1565,5,5,0,false,r1
75f986e9-6e08-417b-840d-f6c5179dfe84,Task2b,Sim52,1565,1565,0,5,0,false,r2
296a935f-56fc-4370-b761-453ecd34e0ff,Task1b,Sim52,1570,1570,0,5,0,false,r2
9b1fe46e-01c2-442b-897a-fccea19d1c12,Task2c,Sim52,1570,1570,0,5,0,false,r3
f15e038f-cd60-4393-9241-6b90d7430e68,Task1c,Sim52,1575,1575,0,5,0,false,r3
a7669a58-b512-460a-822c-32532b838f7e,Task1a,Sim53,1590,1590,0,5,0,false,r1
7a869565-3862-41a9-b6ee-40976b44cc01,Task2a,Sim53,1590,1595,5,5,0,false,r1
8d7f6161-028a-4c2f-a304-6709f1c80208,Task1b,Sim53,1595,1595,0,5,0,false,r2
e79046fa-d113-4fd5-b287-5d0ebeedbf98,Task1c,Sim53,1600,1600,0,5,0,false,r3
e713222e-c9df-47e9-b7e3-cafd853d305d,Task2b,Sim53,1600,1600,0,5,0,false,r2
f25334d2-7767-4f26-80a4-05e65284c917,Task2c,Sim53,1605,1605,0,5,0,false,r3
ab1221c1-c199-4d70-a5d9-4e20ea116a3c,Task1a,Sim54,1620,1620,0,5,0,false,r1
6ec5f297-cb30-4314-bd94-069d1d77f6fc,Task1b,Sim54,1625,1625,0,5,0,false,r2
794f82e7-131d-4ff0-9c4c-3658f4c0a714,Task2a,Sim54,1620,1625,5,5,0,false,r1
460b0c71-d9f6-4c63-ad37-eced803a4a81,Task1c,Sim54,1630,1630,0,5,0,false,r3
372204c0-e7ab-494c-ab76-ed90a3b60ff2,Task2b,Sim54,1630,1630,0,5,0,false,r2
70f05b07-62b6-4f8d-9265-d36ae3472391,Task2c,Sim54,1635,1635,0,5,0,false,r3
5e07775a-c9b0-4a53-938d-c67a2eb184a5,Task2a,Sim55,1650,1650,0,5,0,false,r1
aebaf688-e948-41fc-8bc9-1d60dd35ef4f,Task2b,Sim55,1655,1655,0,5,0,false,r2
75d6c05b-de3d-4adf-a264-bb5617bc67f1,Task1a,Sim55,1650,1655,5,5,0,false,r1
0fbc2e19-0256-4366-939c-80ee10f07e7f,Task1b,Sim55,1660,1660,0,5,0,false,r2
38b0e6e7-49f3-43f4-be82-626c5519e4a1,Task2c,Sim55,1660,1660,0,5,0,false,r3
0e759d5d-75a9-4fd8-9ed5-5c9edcddad49,Task1c,Sim55,1665,1665,0,5,0,false,r3
86dd0995-a107-4672-a7af-35b203386dc0,Task1a,Sim56,1680,1680,0,5,0,false,r1
c244be81-4200-4622-9a09-d439c41d9dd8,Task2a,Sim56,1680,1685,5,5,0,false,r1
6fbadc47-9e50-4c6d-a17b-ea644f95bde1,Task1b,Sim56,1685,1685,0,5,0,false,r2
0863e545-0ba7-41c0-b7cb-a63767e0f4ca,Task1c,Sim56,1690,1690,0,5,0,false,r3
6c15f345-3567-473b-9d44-c7e3eb6b9d30,Task2b,Sim56,1690,1690,0,5,0,false,r2
636960f4-1ac6-43e4-a93d-05d3128e73cd,Task2c,Sim56,1695,1695,0,5,0,false,r3
a9fe109d-0923-4059-ae46-60201aeeb343,Task2a,Sim57,1710,1710,0,5,0,false,r1
ceed7be0-1d55-44e6-8028-8980a1304e4d,Task2b,Sim57,1715,1715,0,5,0,false,r2
f392da60-44a8-446b-b076-87ddca2a0d41,Task1a,Sim57,1710,1715,5,5,0,false,r1
2a304614-78e5-44b1-aeb3-5f2b60e66e3a,Task1b,Sim57,1720,1720,0,5,0,false,r2
5518c6a4-cca4-4853-95ed-4f2123b0217a,Task2c,Sim57,1720,1720,0,5,0,false,r3
e4b19176-c07c-4d0d-8470-154fe29526a5,Task1c,Sim57,1725,1725,0,5,0,false,r3
f192004e-c6c0-4bf8-8e67-84c418a72d36,Task1a,Sim58,1740,1740,0,5,0,false,r1
49030b40-491a-4e65-a0f1-02645635d2ca,Task2a,Sim58,1740,1745,5,5,0,false,r1
df5eefbc-eded-4ce4-835d-fed142f2beee,Task1b,Sim58,1745,1745,0,5,0,false,r2
2b1cd321-2704-4826-9574-f5766b939125,Task1c,Sim58,1750,1750,0,5,0,false,r3
5c4a07a2-84e7-477c-94a0-02539d13b3b0,Task2b,Sim58,1750,1750,0,5,0,false,r2
ab7c0e06-7127-47bf-bb30-bb0eff089663,Task2c,Sim58,1755,1755,0,5,0,false,r3
05fadcd4-81e8-43fb-9a37-cacc3530dfb6,Task1a,Sim59,1770,1770,0,5,0,false,r1
267411ee-8748-41e6-9f51-a12e63997fc5,Task1b,Sim59,1775,1775,0,5,0,false,r2
5b6112f8-ce5b-498b-bd5e-069725d8ad52,Task2a,Sim59,1770,1775,5,5,0,false,r1
51f7d7d4-062c-423f-b5fb-7a0e7ca987b7,Task1c,Sim59,1780,1780,0,5,0,false,r3
49daee2b-69fe-4e43-922e-315bad5347a0,Task2b,Sim59,1780,1780,0,5,0,false,r2
58923f75-a5a3-474f-825b-89938602820d,Task2c,Sim59,1785,1785,0,5,0,false,r3
e18a384f-6094-4826-a89f-76ed4f33b659,Task2a,Sim60,1800,1800,0,5,0,false,r1
75fc2e2c-5b33-4e86-8391-42a59da04e91,Task1a,Sim60,1800,1805,5,5,0,false,r1
be81af16-8bf8-41f3-8209-518c7c18b1cf,Task2b,Sim60,1805,1805,0,5,0,false,r2
1e5f4a88-c071-4fa5-a0ae-7927f126cd6e,Task2c,Sim60,1810,1810,0,5,0,false,r3
ba64a4b0-3887-4d86-ae50-f5a1dc7eef0f,Task1b,Sim60,1810,1810,0,5,0,false,r2
36db0423-bb9b-4040-8e6b-62cc34fceda5,Task1c,Sim60,1815,1815,0,5,0,false,r3
8f775bab-5edc-4582-aae1-a72908409254,Task1a,Sim61,1830,1830,0,5,0,false,r1
1c618ede-32ae-4b3a-a51d-80d5755b71f6,Task2a,Sim61,1830,1835,5,5,0,false,r1
ab765d64-f38d-44f6-a96c-f120a1254670,Task1b,Sim61,1835,1835,0,5,0,false,r2
e8a6fb48-3e84-4222-b787-d6867f4828e4,Task1c,Sim61,1840,1840,0,5,0,false,r3
eb018cbf-4bf5-4fe8-b16c-c358662b51cc,Task2b,Sim61,1840,1840,0,5,0,false,r2
b578a0e4-de16-43fc-b8b6-610228112d56,Task2c,Sim61,1845,1845,0,5,0,false,r3
878c3915-dec1-4701-b7a9-bdba05cef883,Task2a,Sim62,1860,1860,0,5,0,false,r1
39939574-ab16-4815-b1fe-c8785b734aba,Task2b,Sim62,1865,1865,0,5,0,false,r2
f04a686c-a697-4644-b9e6-d98944d796c0,Task1a,Sim62,1860,1865,5,5,0,false,r1
05831f28-7ff0-4d58-b170-e7b84654513d,Task2c,Sim62,1870,1870,0,5,0,false,r3
31fa7f6a-036b-4994-9f50-750671cd2c41,Task1b,Sim62,1870,1870,0,5,0,false,r2
984ca581-a03d-4e1c-a7db-38bcbc7fb3ff,Task1c,Sim62,1875,1875,0,5,0,false,r3
d05a683f-7680-4189-ac9f-1beccf78c19d,Task2a,Sim63,1890,1890,0,5,0,false,r1
6a6b0cee-139e-4919-b7d4-5b3b2f44fd76,Task2b,Sim63,1895,1895,0,5,0,false,r2
3c266fc1-6964-4b45-9840-e78375481e25,Task1a,Sim63,1890,1895,5,5,0,false,r1
76c75cc7-8fff-4d70-9e9d-408b51bc6518,Task1b,Sim63,1900,1900,0,5,0,false,r2
f4de6b01-c62b-478f-80ab-370cd0f0263b,Task2c,Sim63,1900,1900,0,5,0,false,r3
67b8616c-e5ce-4add-b315-56ea74500dbe,Task1c,Sim63,1905,1905,0,5,0,false,r3
d6822278-3d25-4527-bf11-af53dbd6ea37,Task2a,Sim64,1920,1920,0,5,0,false,r1
f3e3f1dc-d0f2-47d1-8632-8c1a9dc6f8ba,Task1a,Sim64,1920,1925,5,5,0,false,r1
fde1d312-7952-4098-bcf0-043b73bdd318,Task2b,Sim64,1925,1925,0,5,0,false,r2
2134e7d1-fbd9-4f16-9ced-45d14da3ab5c,Task1b,Sim64,1930,1930,0,5,0,false,r2
0d4a4945-531e-4de8-bf3f-52aa30dc7e8e,Task2c,Sim64,1930,1930,0,5,0,false,r3
67bbe5c1-a4c2-456b-9b3c-19c8e6aaa982,Task1c,Sim64,1935,1935,0,5,0,false,r3
999af8af-3f0a-429e-8b9c-58eccef0eb6c,Task1a,Sim65,1950,1950,0,5,0,false,r1
2bc5ad45-fcd9-44e1-87b7-cc757a18495c,Task2a,Sim65,1950,1955,5,5,0,false,r1
74fa482c-1059-42c9-9397-897a7c3bb431,Task1b,Sim65,1955,1955,0,5,0,false,r2
8423a89b-9789-4e99-91b2-5ecd19d328ca,Task1c,Sim65,1960,1960,0,5,0,false,r3
53614a72-98a0-4ef8-946e-4b47a5b5d925,Task2b,Sim65,1960,1960,0,5,0,false,r2
9bef351f-a161-451d-9271-b0eff8d55c5b,Task2c,Sim65,1965,1965,0,5,0,false,r3
90f43e8f-390a-4783-9da4-f223968fff1c,Task2a,Sim66,1980,1980,0,5,0,false,r1
f0681ee4-d37f-473d-be1c-1d7bf73ad8d0,Task1a,Sim66,1980,1985,5,5,0,false,r1
f1ea9a4d-2f02-4560-ad14-631a66485912,Task2b,Sim66,1985,1985,0,5,0,false,r2
d8e2b86d-f8ed-4b25-a526-4e3718776452,Task2c,Sim66,1990,1990,0,5,0,false,r3
42890f21-cc78-4fe4-a0e9-f4b2b062ea43,Task1b,Sim66,1990,1990,0,5,0,false,r2
cadfe691-d2b9-4741-9226-ef53b0e09954,Task1c,Sim66,1995,1995,0,5,0,false,r3
e1883595-e8cd-46a9-8947-b49711aed86b,Task1a,Sim67,2010,2010,0,5,0,false,r1
3506bb08-a4c4-45b1-b950-0713253e23ec,Task2a,Sim67,2010,2015,5,5,0,false,r1
bb70377c-56d3-4124-8cb9-4297221a9bf9,Task1b,Sim67,2015,2015,0,5,0,false,r2
e282c686-2b67-4a76-8c60-fb62174815ce,Task1c,Sim67,2020,2020,0,5,0,false,r3
30737f49-7c12-4250-9244-3db574aa597a,Task2b,Sim67,2020,2020,0,5,0,false,r2
78b6845f-ef59-42a4-992c-e8756f1ffa60,Task2c,Sim67,2025,2025,0,5,0,false,r3
b5d6070c-3c83-42b7-afab-7826f630dc5d,Task1a,Sim68,2040,2040,0,5,0,false,r1
367b6e6e-4527-40b6-9144-bc326dd99a86,Task2a,Sim68,2040,2045,5,5,0,false,r1
20a487e5-8158-4b18-bfd1-f64fb13bc928,Task1b,Sim68,2045,2045,0,5,0,false,r2
89a2dbef-3155-48ee-9a86-5ed910afa4f7,Task2b,Sim68,2050,2050,0,5,0,false,r2
6475f790-381f-4cb4-b69d-a5de52e69994,Task1c,Sim68,2050,2050,0,5,0,false,r3
430982aa-2f25-4d82-861f-198464e65cf0,Task2c,Sim68,2055,2055,0,5,0,false,r3
ca166f11-e039-4cb4-b4f6-f7f18b5f4eda,Task2a,Sim69,2070,2070,0,5,0,false,r1
7586f1ea-3b9c-4c57-b949-ef381d41e92e,Task1a,Sim69,2070,2075,5,5,0,false,r1
93891c3b-8d00-41d7-b0ec-48eae0c59a8d,Task2b,Sim69,2075,2075,0,5,0,false,r2
f28c9d5b-6ef5-4e2e-b7f3-37a119a21b6d,Task1b,Sim69,2080,2080,0,5,0,false,r2
a28b410f-c524-4e3e-bbe1-23556f6ad50f,Task2c,Sim69,2080,2080,0,5,0,false,r3
6910466a-9a9b-49fe-9eab-831676600c47,Task1c,Sim69,2085,2085,0,5,0,false,r3
b6a1079e-b1d6-48e0-b4be-917419d708ae,Task1a,Sim70,2100,2100,0,5,0,false,r1
39997b3f-45b2-42ab-8bb0-3717fd1cfff8,Task1b,Sim70,2105,2105,0,5,0,false,r2
c694381c-ec39-41ec-9d09-ca87a80b31df,Task2a,Sim70,2100,2105,5,5,0,false,r1
b16e5376-cc34-4b74-a5a5-64ef6cbb50e5,Task1c,Sim70,2110,2110,0,5,0,false,r3
fbe95316-b709-4322-bbaf-841352ec6e52,Task2b,Sim70,2110,2110,0,5,0,false,r2
b23f81e1-c88c-4e8a-957c-802015d0e824,Task2c,Sim70,2115,2115,0,5,0,false,r3
244a38e3-98ad-4435-8d10-e1f221da3ec9,Task1a,Sim71,2130,2130,0,5,0,false,r1
3b53babb-9bb1-4c69-97e7-e354965c81fb,Task2a,Sim71,2130,2135,5,5,0,false,r1
59124c6c-9db8-4096-a2d9-db0881592364,Task1b,Sim71,2135,2135,0,5,0,false,r2
d4be4ab6-186d-4d64-bff2-a9e61366b437,Task1c,Sim71,2140,2140,0,5,0,false,r3
490383e5-2ccf-4874-af83-b6d7fd4013d7,Task2b,Sim71,2140,2140,0,5,0,false,r2
0e3241d4-af2c-4a35-a0cb-ddd17bc73bec,Task2c,Sim71,2145,2145,0,5,0,false,r3
08ac6d81-3809-4d0f-be8c-c55a03723f72,Task2a,Sim72,2160,2160,0,5,0,false,r1
4364c717-744e-495c-98b2-499d97a807cb,Task2b,Sim72,2165,2165,0,5,0,false,r2
5aa8cfff-c78a-4094-a346-149540ad7869,Task1a,Sim72,2160,2165,5,5,0,false,r1
55e60d90-eedb-4c58-9b0f-6132ad6b0fe4,Task2c,Sim72,2170,2170,0,5,0,false,r3
686d4837-e3d3-48f3-b0a5-d11b2a0ba60e,Task1b,Sim72,2170,2170,0,5,0,false,r2
911fa8c1-f648-40b1-b49b-8046e78ca117,Task1c,Sim72,2175,2175,0,5,0,false,r3
bd5f66a8-2ad3-4e80-9582-b4d1d4ddf0c6,Task1a,Sim73,2190,2190,0,5,0,false,r1
1a75ba49-a403-4055-842e-aed817d58295,Task2a,Sim73,2190,2195,5,5,0,false,r1
360f9596-b236-430c-95f2-5de4f101e3a8,Task1b,Sim73,2195,2195,0,5,0,false,r2
092ec0af-50a5-45f7-8173-f9671f8e32f9,Task2b,Sim73,2200,2200,0,5,0,false,r2
cb76a435-95e2-4c6c-8e98-9f84243e7316,Task1c,Sim73,2200,2200,0,5,0,false,r3
2d7065b2-baaa-40ed-985d-14922c921c89,Task2c,Sim73,2205,2205,0,5,0,false,r3
c7762038-7d7b-4db0-8e93-af966e36f117,Task2a,Sim74,2220,2220,0,5,0,false,r1
2f33fb58-466a-4d90-865b-95abb1a7666a,Task2b,Sim74,2225,2225,0,5,0,false,r2
e84fcfd5-6446-45cb-9f85-983f40606fa7,Task1a,Sim74,2220,2225,5,5,0,false,r1
1465e8d2-66c1-44da-b5d0-cd7f8cbf638b,Task2c,Sim74,2230,2230,0,5,0,false,r3
121a49b8-7a33-48df-b591-6ef5e3824cd1,Task1b,Sim74,2230,2230,0,5,0,false,r2
bc98d202-ea42-48b1-8054-286d021f3957,Task1c,Sim74,2235,2235,0,5,0,false,r3
5e7b7824-9485-449b-b6cc-4ceb6a6b6244,Task2a,Sim75,2250,2250,0,5,0,false,r1
74b11008-3e0a-4b99-922c-20abd4f277ad,Task1a,Sim75,2250,2255,5,5,0,false,r1
c62fba88-336c-4ff1-9ab2-ed31797fc42e,Task2b,Sim75,2255,2255,0,5,0,false,r2
977c4508-3d9d-4339-85f5-86c9e2bd6d51,Task2c,Sim75,2260,2260,0,5,0,false,r3
ec0c1dfe-86aa-4d56-9ea1-b30b50ff64c9,Task1b,Sim75,2260,2260,0,5,0,false,r2
6c85ad9e-3cbd-42a3-b87b-0f15b3e5422a,Task1c,Sim75,2265,2265,0,5,0,false,r3
c73612d5-d1ae-41bd-9351-e618cd3595c3,Task2a,Sim76,2280,2280,0,5,0,false,r1
44354b87-3298-4f71-86fa-f75eba672c76,Task1a,Sim76,2280,2285,5,5,0,false,r1
1669017c-c6dc-401a-8d83-9dd2159e322d,Task2b,Sim76,2285,2285,0,5,0,false,r2
9051cb09-cbcf-4af0-8bed-d474204b3c36,Task1b,Sim76,2290,2290,0,5,0,false,r2
6bcf691b-805f-46a4-987d-7e4f63aaf6de,Task2c,Sim76,2290,2290,0,5,0,false,r3
8a5e0253-087c-424b-9bd0-fd741df17520,Task1c,Sim76,2295,2295,0,5,0,false,r3
f24e7b38-7142-4c05-b674-c1a26120e9c8,Task2a,Sim77,2310,2310,0,5,0,false,r1
b9dd78fd-295a-4c74-b650-36c766253d9c,Task2b,Sim77,2315,2315,0,5,0,false,r2
5d7121d5-189c-4144-a1a2-65b198115bb4,Task1a,Sim77,2310,2315,5,5,0,false,r1
b261b7d9-0704-439d-9e17-94f560b3e82c,Task2c,Sim77,2320,2320,0,5,0,false,r3
57e6d1a0-e519-4318-b677-9f74830e3157,Task1b,Sim77,2320,2320,0,5,0,false,r2
c59bff5e-0045-4f9e-bc34-0ec05f66a746,Task1c,Sim77,2325,2325,0,5,0,false,r3
ca1644ec-e71f-4326-862d-5f189fe40703,Task1a,Sim78,2340,2340,0,5,0,false,r1
b9f4396e-ead1-432e-b4ab-e5d9458f4465,Task1b,Sim78,2345,2345,0,5,0,false,r2
d34623fa-3edc-4ddf-b509-bfff9923b8d4,Task2a,Sim78,2340,2345,5,5,0,false,r1
e30a2c61-9800-4a1c-bbf4-3fce6b420a1b,Task2b,Sim78,2350,2350,0,5,0,false,r2
883b1bff-025d-4872-8901-ad2391193278,Task1c,Sim78,2350,2350,0,5,0,false,r3
51ab87b9-c3d9-48ea-95b5-c7259ad50ec1,Task2c,Sim78,2355,2355,0,5,0,false,r3
21ceac82-abe3-4f46-8e98-200bf8d6663f,Task1a,Sim79,2370,2370,0,5,0,false,r1
5ed46e0a-1945-4d94-9c3a-39d11f489a69,Task2a,Sim79,2370,2375,5,5,0,false,r1
8e1eb161-176e-4001-9148-3ace36313e33,Task1b,Sim79,2375,2375,0,5,0,false,r2
58e033cf-438c-49ea-acae-9d54a5030a11,Task1c,Sim79,2380,2380,0,5,0,false,r3
474e88e5-e2fe-42eb-b792-197c25749911,Task2b,Sim79,2380,2380,0,5,0,false,r2
d35ba53a-6d21-4201-9409-4e1bc82c93b8,Task2c,Sim79,2385,2385,0,5,0,false,r3
eeb8d888-b507-4d40-bc25-5bf533808043,Task2a,Sim80,2400,2400,0,5,0,false,r1
fdf22e71-189f-4a18-b9b1-044be5bba85e,Task1a,Sim80,2400,2405,5,5,0,false,r1
e844d5cf-6283-4721-b35e-c2a3e8055302,Task2b,Sim80,2405,2405,0,5,0,false,r2
82aca37d-48ac-4100-a234-28730fa26aa4,Task1b,Sim80,2410,2410,0,5,0,false,r2
31fb83e8-9dc5-4896-9368-3d8f88146e6f,Task2c,Sim80,2410,2410,0,5,0,false,r3
b0732a5f-b901-4cb8-b093-b84782108802,Task1c,Sim80,2415,2415,0,5,0,false,r3
35903ac2-87a3-473d-8043-29c4ec544e87,Task1a,Sim81,2430,2430,0,5,0,false,r1
06eff86d-8b1c-4cdf-8798-c8259265da1f,Task1b,Sim81,2435,2435,0,5,0,false,r2
7d44f271-4dd1-4e78-9764-f9e64a089754,Task2a,Sim81,2430,2435,5,5,0,false,r1
5557709e-0c15-4210-b27b-09425d5dabe9,Task2b,Sim81,2440,2440,0,5,0,false,r2
34e04f80-18a4-474a-af72-980d8568f875,Task1c,Sim81,2440,2440,0,5,0,false,r3
d24fad43-75a2-4e1e-850c-49d72adf3179,Task2c,Sim81,2445,2445,0,5,0,false,r3
a999b3af-492c-4729-ad62-eb6ae5e84195,Task2a,Sim82,2460,2460,0,5,0,false,r1
e40fe8d2-db0a-4ace-a26c-1325dcb34899,Task1a,Sim82,2460,2465,5,5,0,false,r1
41d3a3b6-0f69-496d-8046-42ee2c4ae35c,Task2b,Sim82,2465,2465,0,5,0,false,r2
158d2569-1c1a-4ce5-a6fc-5fa0b57db1e7,Task1b,Sim82,2470,2470,0,5,0,false,r2
dee68831-b1b4-4874-a743-702b47a10953,Task2c,Sim82,2470,2470,0,5,0,false,r3
bdbee1a3-c58c-4b0f-8f47-b760691f7021,Task1c,Sim82,2475,2475,0,5,0,false,r3
e3f04944-3ed4-4c22-896d-31095c762207,Task2a,Sim83,2490,2490,0,5,0,false,r1
18b85320-916a-49d4-afc8-976442ed8b8c,Task2b,Sim83,2495,2495,0,5,0,false,r2
eb05b4bb-c5e8-466b-8691-bb55b2653add,Task1a,Sim83,2490,2495,5,5,0,false,r1
26b85b4e-39fa-41a4-940b-229a4cf8cf77,Task1b,Sim83,2500,2500,0,5,0,false,r2
fca8783d-558b-48f4-8c21-bd3c6eb3db6e,Task2c,Sim83,2500,2500,0,5,0,false,r3
8f31f527-ef17-4911-9df9-6111d5df771e,Task1c,Sim83,2505,2505,0,5,0,false,r3
a0106c4e-5568-44fb-9e38-0e7ebb5c3d53,Task1a,Sim84,2520,2520,0,5,0,false,r1
0e729fca-f7ff-4d47-8b05-df59ba884be8,Task2a,Sim84,2520,2525,5,5,0,false,r1
3e5a02b3-b839-47d4-b64b-f155b40c3de7,Task1b,Sim84,2525,2525,0,5,0,false,r2
4c7426dc-4279-47e2-a094-c1e70540cdb1,Task1c,Sim84,2530,2530,0,5,0,false,r3
c67e5a88-0abb-4a42-8b6b-57b26a9a64e9,Task2b,Sim84,2530,2530,0,5,0,false,r2
4b2352b5-5890-4940-8f0e-e0b8c611e12e,Task2c,Sim84,2535,2535,0,5,0,false,r3
0f3eba6c-c29b-4adf-a17e-be6255ae38f2,Task2a,Sim85,2550,2550,0,5,0,false,r1
aaf74517-1779-4349-b4e7-4743052c042e,Task2b,Sim85,2555,2555,0,5,0,false,r2
6d2b1af0-44a9-4027-8525-ae9819c3311d,Task1a,Sim85,2550,2555,5,5,0,false,r1
a8a9b66b-3728-4d00-94ed-4fccdd6ff4ce,Task1b,Sim85,2560,2560,0,5,0,false,r2
d890da0c-4562-4402-bb54-d8171ee7d47b,Task2c,Sim85,2560,2560,0,5,0,false,r3
7f83ec5d-4a58-4524-8b4b-0322c14f2892,Task1c,Sim85,2565,2565,0,5,0,false,r3
9ee6e49d-5d12-40fc-b00b-b90bf17c386b,Task2a,Sim86,2580,2580,0,5,0,false,r1
a6f26cab-d414-4796-a3cb-034ce82cfcb9,Task1a,Sim86,2580,2585,5,5,0,false,r1
3de6f1e6-18c8-47f7-b39e-3d6a7fb8c3f5,Task2b,Sim86,2585,2585,0,5,0,false,r2
5d0aa813-9eac-48f5-85d2-390bba4cc406,Task2c,Sim86,2590,2590,0,5,0,false,r3
0f0754d3-0742-4be1-b2ce-909e2b76a515,Task1b,Sim86,2590,2590,0,5,0,false,r2
2feecb77-556d-406d-85c5-d71bfdde1fc7,Task1c,Sim86,2595,2595,0,5,0,false,r3
e12230de-9e6d-45ad-a51d-7486c7134f9c,Task1a,Sim87,2610,2610,0,5,0,false,r1
e707dc9a-0425-468b-80fc-490aac4a44a3,Task2a,Sim87,2610,2615,5,5,0,false,r1
74f50d35-31e8-4565-b120-340cebb3fa9b,Task1b,Sim87,2615,2615,0,5,0,false,r2
00b28e08-b600-4ae2-9f7f-d1e7354b4e70,Task1c,Sim87,2620,2620,0,5,0,false,r3
f63a351f-9f36-4f81-b32a-9aa01ebcb5ed,Task2b,Sim87,2620,2620,0,5,0,false,r2
28a962ec-f7cf-4795-b3c9-b2d656bc250c,Task2c,Sim87,2625,2625,0,5,0,false,r3
230b553d-9b6c-4832-8e71-2275d8145591,Task2a,Sim88,2640,2640,0,5,0,false,r1
4237b69b-d4e6-490d-aa89-e13b75e6d2c9,Task2b,Sim88,2645,2645,0,5,0,false,r2
7680e035-ccfd-4e18-861b-3289fb7d81ec,Task1a,Sim88,2640,2645,5,5,0,false,r1
a0a19361-947d-4647-8794-978c1d1de465,Task1b,Sim88,2650,2650,0,5,0,false,r2
fb748274-a4d2-4bf2-9fd0-9d57474a83fb,Task2c,Sim88,2650,2650,0,5,0,false,r3
ae3d8c31-1ef7-46ca-aaf5-0f873f6aba29,Task1c,Sim88,2655,2655,0,5,0,false,r3
893d3465-e9d5-4909-8818-468a642986ac,Task1a,Sim89,2670,2670,0,5,0,false,r1
f9ab4338-6e58-4b57-a979-5eeaaae8e050,Task1b,Sim89,2675,2675,0,5,0,false,r2
c489cf01-468f-440c-93d3-47a40c8b214c,Task2a,Sim89,2670,2675,5,5,0,false,r1
97fcb3e4-5f3c-40f7-b6ec-52c08bfb745f,Task1c,Sim89,2680,2680,0,5,0,false,r3
dba950d9-0ab5-4033-b5e2-36cac298c5a3,Task2b,Sim89,2680,2680,0,5,0,false,r2
3e637ccb-1119-4553-ac66-fc550d1d4e3c,Task2c,Sim89,2685,2685,0,5,0,false,r3
89ea6b8b-6a9c-4733-89de-f896990dc4c2,Task2a,Sim90,2700,2700,0,5,0,false,r1
67079ce7-fbb0-4a57-874f-23e7b103c8df,Task1a,Sim90,2700,2705,5,5,0,false,r1
d0691357-a745-4738-a2a7-f0ba7f6b012f,Task2b,Sim90,2705,2705,0,5,0,false,r2
0d7f0028-0a24-4491-a8eb-bfcb66ace4fb,Task1b,Sim90,2710,2710,0,5,0,false,r2
c88f0f89-f611-4064-a1bc-2ac4be48e722,Task2c,Sim90,2710,2710,0,5,0,false,r3
6fa279ec-2e21-42f8-82d5-d911bf22961a,Task1c,Sim90,2715,2715,0,5,0,false,r3
c0940629-8040-420a-ad58-849cca298790,Task1a,Sim91,2730,2730,0,5,0,false,r1
cbe5c340-e36e-473b-b1cb-53d96a99a7a5,Task1b,Sim91,2735,2735,0,5,0,false,r2
1a790b47-3a70-4a40-9cd3-04a7e41bcfc4,Task2a,Sim91,2730,2735,5,5,0,false,r1
ba7522b9-1ffa-4ec5-8b91-4cf467fa4338,Task1c,Sim91,2740,2740,0,5,0,false,r3
fb6758a0-ea66-49fb-97ba-0012680ea6af,Task2b,Sim91,2740,2740,0,5,0,false,r2
03f16725-8cdc-49b2-befe-69b662dbfd71,Task2c,Sim91,2745,2745,0,5,0,false,r3
bf137875-36b9-4a90-92e0-6fd417a24ee8,Task1a,Sim92,2760,2760,0,5,0,false,r1
f1deae4a-972d-4fdc-bb04-dfe483a1f6e2,Task1b,Sim92,2765,2765,0,5,0,false,r2
7572edad-510d-4515-87f8-f89ba27a41a7,Task2a,Sim92,2760,2765,5,5,0,false,r1
02d91155-666f-462e-afc5-829b2b1c2899,Task2b,Sim92,2770,2770,0,5,0,false,r2
2c1b25e9-a114-4caf-aeda-80a86eca1d1a,Task1c,Sim92,2770,2770,0,5,0,false,r3
2633a84d-4ce1-4dc7-a803-c4cf7cfd5dc3,Task2c,Sim92,2775,2775,0,5,0,false,r3
bf402b71-6c2b-4d4a-b658-ab0e70b42570,Task2a,Sim93,2790,2790,0,5,0,false,r1
cc30205f-5165-4d29-9c60-03456df084d6,Task2b,Sim93,2795,2795,0,5,0,false,r2
79b45cbc-ca35-49d0-accb-8d1be6f122cf,Task1a,Sim93,2790,2795,5,5,0,false,r1
b1305d51-dc8c-4961-8ffd-1067502ab1a1,Task1b,Sim93,2800,2800,0,5,0,false,r2
7b79e6c6-3e03-4a89-b899-f98fb8d278b4,Task2c,Sim93,2800,2800,0,5,0,false,r3
b6f96d3a-2906-46b8-bc4d-83b6180a3ed9,Task1c,Sim93,2805,2805,0,5,0,false,r3
b2d53985-5ed7-421c-8393-538e27076677,Task2a,Sim94,2820,2820,0,5,0,false,r1
787ad719-1fd8-4856-9cb3-b63d925cbf7a,Task1a,Sim94,2820,2825,5,5,0,false,r1
dda10692-54bb-45e4-ac17-e85845d4860f,Task2b,Sim94,2825,2825,0,5,0,false,r2
03b7b752-03a5-4383-b54d-e86d5e548afc,Task2c,Sim94,2830,2830,0,5,0,false,r3
b898f1ca-81bb-4bd3-abaf-a6b14c489405,Task1b,Sim94,2830,2830,0,5,0,false,r2
1b99bab9-a43a-4053-9e24-0bb3f725dc96,Task1c,Sim94,2835,2835,0,5,0,false,r3
a5181ce1-0054-4e8b-8921-3c5be595beb1,Task2a,Sim95,2850,2850,0,5,0,false,r1
a6234f27-936c-451a-a1e5-7705377089c6,Task2b,Sim95,2855,2855,0,5,0,false,r2
0058397e-7d5c-4814-a565-4d0233185b48,Task1a,Sim95,2850,2855,5,5,0,false,r1
1f2eb3c2-8347-4d37-96ab-140492e4d283,Task1b,Sim95,2860,2860,0,5,0,false,r2
922aa085-b630-4782-a6f9-dd378d466401,Task2c,Sim95,2860,2860,0,5,0,false,r3
ef49a015-d4b4-4696-ba7f-9ca555591547,Task1c,Sim95,2865,2865,0,5,0,false,r3
e3e6b123-d2db-4bd7-b0a1-2341571df64c,Task1a,Sim96,2880,2880,0,5,0,false,r1
7fc688d5-cbc1-4e73-9ccd-a90eaf7237a4,Task1b,Sim96,2885,2885,0,5,0,false,r2
0827b29f-8b8b-4f71-b735-b2e8c7a89e61,Task2a,Sim96,2880,2885,5,5,0,false,r1
51a322f1-7d33-4767-8dbf-10a15d0852af,Task1c,Sim96,2890,2890,0,5,0,false,r3
e8f01a9b-15ab-414b-88ff-e9f100fb14c0,Task2b,Sim96,2890,2890,0,5,0,false,r2
9c42a6e4-134b-45f5-abda-200e4abd10c2,Task2c,Sim96,2895,2895,0,5,0,false,r3
8edbd137-db17-4050-b154-b43b2b03eba6,Task1a,Sim97,2910,2910,0,5,0,false,r1
d6fcdb73-9c9a-4caa-90e3-f8e1e9be0fc9,Task2a,Sim97,2910,2915,5,5,0,false,r1
b30beb5f-5a09-4e7e-8e50-d38f68e384fa,Task1b,Sim97,2915,2915,0,5,0,false,r2
c5ea15cd-23b6-40f6-87d1-4901d26f688a,Task1c,Sim97,2920,2920,0,5,0,false,r3
fc51002e-e4b9-4815-af3f-186882899f26,Task2b,Sim97,2920,2920,0,5,0,false,r2
39824a62-2e7e-41b3-9dea-e006937f92cf,Task2c,Sim97,2925,2925,0,5,0,false,r3
f133f7c7-854f-4972-95e4-3a70fc96f3da,Task2a,Sim98,2940,2940,0,5,0,false,r1
9d3d7d5f-04f7-457b-90e2-abbc9da25b27,Task2b,Sim98,2945,2945,0,5,0,false,r2
15dce39e-db23-432f-a16e-cf81e1c52762,Task1a,Sim98,2940,2945,5,5,0,false,r1
3a2271ba-bedf-4f71-b3e9-d6b84a4c5a1b,Task1b,Sim98,2950,2950,0,5,0,false,r2
bc313bb0-4fdf-42cb-a305-d508fdcc3882,Task2c,Sim98,2950,2950,0,5,0,false,r3
3fa375b0-2c03-4152-8c27-9c9cfeff45a8,Task1c,Sim98,2955,2955,0,5,0,false,r3
d814996c-be1f-4a10-a798-9f45cd0ab851,Task1a,Sim99,2970,2970,0,5,0,false,r1
76835bab-f03b-4269-aad4-7e2f0e4b72e0,Task2a,Sim99,2970,2975,5,5,0,false,r1
6e3bd5bf-2ec9-49e5-9469-ffbb695bff66,Task1b,Sim99,2975,2975,0,5,0,false,r2
499795ce-4fa9-4ae4-89a4-b5d05c460cae,Task1c,Sim99,2980,2980,0,5,0,false,r3
3a1d946d-f9bd-401b-a590-5a7a3b1c9fd4,Task2b,Sim99,2980,2980,0,5,0,false,r2
81a34cd3-7568-448e-9fd6-b3ab105b1f14,Task2c,Sim99,2985,2985,0,5,0,false,r3